{"sections":{"image_banner":{"type":"image-banner","blocks":{"heading":{"type":"heading","settings":{"heading":"NEW COLLECTION","heading_size":"medium"}}},"block_order":["heading"],"settings":{"image":"shopify:\/\/shop_images\/Top.png","adapt_height_first_image":false,"desktop_text_box_position":"center","show_text_box":true,"image_overlay_opacity":0,"color_scheme":"background-1","stack_images_on_mobile":true,"show_text_below":true}},"1631258718c65fc4e6":{"type":"image-with-text","blocks":{"1631258718c65fc4e6-0":{"type":"heading","settings":{"heading":"ABOUT"}},"1631258718c65fc4e6-1":{"type":"text","settings":{"text":"<p>DAILY TRIALは、現在のスニーカーシーンに<\/p><p>新たなスタンダードを築き上げるために誕生した<\/p><p>デザイン性と機能性を兼ね備えたスニーカーブランドです。<\/p>"}},"1631258718c65fc4e6-2":{"type":"button","settings":{"button_label":"MORE","button_link":"shopify:\/\/pages\/about-us"}}},"block_order":["1631258718c65fc4e6-0","1631258718c65fc4e6-1","1631258718c65fc4e6-2"],"settings":{"image":"shopify:\/\/shop_images\/About.png","height":"adapt","color_scheme":"background-1","layout":"image_first"}},"featured_products":{"type":"featured-collection","settings":{"title":"NEW ARRIVAL","collection":"新着","products_to_show":4,"show_view_all":true,"swipe_on_mobile":false,"image_ratio":"square","show_secondary_image":false,"add_image_padding":false,"show_image_outline":true,"show_vendor":false,"show_ranking":false,"show_rating":false}},"16312592521ec33d5d":{"type":"featured-collection","settings":{"title":"RECOMMEND","collection":"おすすめ","products_to_show":4,"show_view_all":true,"swipe_on_mobile":false,"image_ratio":"adapt","show_secondary_image":false,"add_image_padding":false,"show_image_outline":true,"show_vendor":false,"show_ranking":false,"show_rating":false}},"1639486913ee932549":{"type":"featured-collection","settings":{"title":"RANKING","collection":"人気ランキング","products_to_show":4,"show_view_all":true,"swipe_on_mobile":false,"image_ratio":"adapt","show_secondary_image":false,"add_image_padding":false,"show_image_outline":true,"show_vendor":false,"show_ranking":true,"show_rating":false}},"16312599273519d2a1":{"type":"collection-list","blocks":{"16312599273519d2a1-0":{"type":"featured_collection","settings":{"collection":"メンズ"}},"16312599273519d2a1-1":{"type":"featured_collection","settings":{"collection":"レディース"}},"16312599273519d2a1-2":{"type":"featured_collection","settings":{"collection":"キッズ"}}},"block_order":["16312599273519d2a1-0","16312599273519d2a1-1","16312599273519d2a1-2"],"settings":{"title":"SERIES","image_ratio":"adapt","color_scheme":"inverse","swipe_on_mobile":false,"image_padding":false,"show_view_all":false}},"163126006567a22e8c":{"type":"featured-blog","settings":{"heading":"NEWS","blog":"ニュース","post_limit":3,"show_image":false,"show_date":true,"show_author":false,"soft_background":false,"show_view_all":true}}},"order":["image_banner","1631258718c65fc4e6","featured_products","16312592521ec33d5d","1639486913ee932549","16312599273519d2a1","163126006567a22e8c"]}