{"sections":{"main":{"type":"main-page","disabled":true,"settings":{}},"16312622642fb72b57":{"type":"rich-text","blocks":{"16312622642fb72b57-0":{"type":"heading","settings":{"heading":"Contact","heading_size":"h1"}},"16312622642fb72b57-1":{"type":"text","settings":{"text":"<p>必要事項をご入力の上、送信ボタンを押して下さい。追って担当からご連絡させていただきます。<\/p>"}}},"block_order":["16312622642fb72b57-0","16312622642fb72b57-1"],"settings":{"color_scheme":"background-1","full_width":true}},"form":{"type":"contact-form","settings":{"heading":""}}},"order":["main","16312622642fb72b57","form"]}