{"sections":{"main":{"type":"main-page","disabled":true,"settings":{}},"1631261098c6db2a32":{"type":"rich-text","blocks":{"1631261098c6db2a32-0":{"type":"heading","settings":{"heading":"About Us","heading_size":"h1"}},"1631261098c6db2a32-1":{"type":"text","settings":{"text":"<p>DAILY TRIALは、現在のスニーカーシーンに新たなスタンダードを築き上げるために誕生した<\/p><p>デザイン性と機能性を兼ね備えたスニーカーブランドです。<\/p>"}}},"block_order":["1631261098c6db2a32-0","1631261098c6db2a32-1"],"settings":{"color_scheme":"background-1","full_width":true}},"1631261126a919b660":{"type":"image-with-text","blocks":{"1631261126a919b660-0":{"type":"heading","settings":{"heading":"Creation"}},"1631261126a919b660-1":{"type":"text","settings":{"text":"<p>ファッショナブルなだけではなく、<\/p><p>機能性も重視した<\/p><p>オリジナリティあふれる商品とサービスをお客さまに<\/p><p>提案いたします。<\/p>"}}},"block_order":["1631261126a919b660-0","1631261126a919b660-1"],"settings":{"image":"shopify:\/\/shop_images\/About1.png","height":"adapt","color_scheme":"background-1","layout":"image_first"}},"163126114079b24587":{"type":"image-with-text","blocks":{"163126114079b24587-0":{"type":"heading","settings":{"heading":"Evolution"}},"163126114079b24587-1":{"type":"text","settings":{"text":"<p>お客さまに支持され続けるブランドになるよう<\/p><p>国内外のカルチャーにアンテナを張り、時代とともに進化していきます。<\/p>"}}},"block_order":["163126114079b24587-0","163126114079b24587-1"],"settings":{"image":"shopify:\/\/shop_images\/About2.png","height":"adapt","color_scheme":"background-1","layout":"text_first"}},"163126114458ad8948":{"type":"image-with-text","blocks":{"163126114458ad8948-0":{"type":"heading","settings":{"heading":"Share"}},"163126114458ad8948-1":{"type":"text","settings":{"text":"<p>ブランドが持つカルチャーや世界観を発信し共有する<\/p><p>ことで、ブランドの価値を高め、より良いサービスを提供していきます。<\/p>"}}},"block_order":["163126114458ad8948-0","163126114458ad8948-1"],"settings":{"image":"shopify:\/\/shop_images\/About3.png","height":"adapt","color_scheme":"background-1","layout":"image_first"}}},"order":["main","1631261098c6db2a32","1631261126a919b660","163126114079b24587","163126114458ad8948"]}