{"sections":{"main":{"type":"main-product","blocks":{"title":{"type":"title","settings":{}},"b3e17210-0201-40a3-bdb7-c361f015b2b0":{"type":"text","settings":{"text":"{{ product.metafields.descriptors.subtitle.value }}","text_style":"body"}},"b39ba541-0731-4a08-b418-91f2511d051c":{"type":"text","settings":{"text":"{{ product.metafields.my_fields._release_date | metafield_text }}","text_style":"body"}},"price":{"type":"price","settings":{}},"variant_picker":{"type":"variant_picker","settings":{"picker_type":"dropdown"}},"quantity_selector":{"type":"quantity_selector","settings":{}},"buy_buttons":{"type":"buy_buttons","settings":{"show_dynamic_checkout":true}},"description":{"type":"description","settings":{}},"1ed17c53-87a8-491d-a1c6-407b036da5b8":{"type":"collapsible_tab","settings":{"heading":"商品について","content":"","page":"","icon":"check_mark"}},"share":{"type":"share","settings":{"share_label":"Share"}}},"block_order":["title","b3e17210-0201-40a3-bdb7-c361f015b2b0","b39ba541-0731-4a08-b418-91f2511d051c","price","variant_picker","quantity_selector","buy_buttons","description","1ed17c53-87a8-491d-a1c6-407b036da5b8","share"],"settings":{"enable_sticky_info":true,"hide_variants":false,"enable_video_looping":false}},"product-recommendations":{"type":"product-recommendations","settings":{"heading":"You may also like","image_ratio":"adapt","show_secondary_image":false,"add_image_padding":false,"show_image_outline":true,"show_vendor":false,"show_rating":false}}},"order":["main","product-recommendations"]}