{"current":{"colors_solid_button_labels":"#FFFFFF","colors_accent_1":"#1a1b18","colors_accent_2":"#6e3e05","colors_text":"#121212","colors_outline_button_labels":"#121212","colors_background_1":"#FFFFFF","colors_background_2":"#F3F3F3","type_header_font":"assistant_n4","type_body_font":"assistant_n4","sections":{"announcement-bar":{"type":"announcement-bar","blocks":{"announcement-bar-0":{"type":"announcement","settings":{"text":"配送料無料。30日以内なら返品・交換可能（一部商品を除く）","color_scheme":"inverse","link":""}}},"block_order":["announcement-bar-0"],"settings":{}},"header":{"type":"header","settings":{"color_scheme":"background-1","logo":"shopify:\/\/shop_images\/logo.png","logo_width":140,"logo_position":"middle-left","menu":"main-menu","show_line_separator":true,"enable_sticky_header":true}},"footer":{"type":"footer","blocks":{"footer-0":{"type":"link_list","settings":{"heading":"Navigation","menu":"footer"}},"94e82841-c6e4-4c14-8d55-5981e37682a8":{"type":"link_list","settings":{"heading":"Information","menu":"link-list"}}},"block_order":["footer-0","94e82841-c6e4-4c14-8d55-5981e37682a8"],"settings":{"color_scheme":"inverse","newsletter_enable":true,"newsletter_heading":"Subscribe to our emails","show_social":true,"enable_country_selector":true,"enable_language_selector":true,"payment_enable":true}}},"content_for_index":[]},"presets":{"Default":{"colors_solid_button_labels":"#FFFFFF","colors_accent_1":"#121212","colors_accent_2":"#334FB4","colors_text":"#121212","colors_outline_button_labels":"#121212","colors_background_1":"#FFFFFF","colors_background_2":"#F3F3F3","type_header_font":"assistant_n4","type_body_font":"assistant_n4","sections":{"announcement-bar":{"type":"announcement-bar","blocks":{"announcement-bar-0":{"type":"announcement","settings":{"color_scheme":"background-1"}}},"block_order":["announcement-bar-0"],"settings":{}}}},"Craft":{"colors_solid_button_labels":"#EFECEC","colors_accent_1":"#2A332F","colors_accent_2":"#476154","colors_text":"#1C1A1A","colors_outline_button_labels":"#7B8382","colors_background_1":"#EFECEC","colors_background_2":"#C1BCAE","type_header_font":"americana_n4","type_body_font":"quattrocento_sans_n4","sections":{"footer":{"type":"footer","blocks":{"menu":{"type":"link_list","settings":{}},"text":{"type":"text","settings":{}}},"block_order":["menu","text"],"settings":{"color_scheme":"accent-1"}}}}}}